ab und an;diam, manchmal;;
abbekommen;derwischen;;
Abendbrot;Brotzeit;;
abends;auf die Nacht;;
abfragen;ausfragen;;
abgeschlafft;haudig;;
abgucken;abschauen;;
abknabbern;abfieseln;;
abküssen;abbusseln;;
Ableger;Fechser;;
abmagern;vom Bein/Fleisch fallen;;
abmühen;sich fretten;;
abpflücken;abbrocken;;
abschließen;zusperren;;
abschüttel n;abbeuteln;;
absichtlich;mit Fleiß;;
absterben;eingehen;;
abwaschen;abspülen;;
Acht, die;Achter, der;;
achtgeben;Obacht geben, aufpassen;;
Achtung;Obacht;;
Acker;Feld;;
adrett;fesch, sauber;;
Ahle;Pfriem;;
Akkordeon;Wanzenpresse;;
Albdruck;Drud;;
alle;allesamt;;
alles;oiss;;
Alltag;Werktag;;
Alltagskleidung;Werktaggewand;;
Altenteil;Austrag;;
Altenruhesitz;Austragshäusl;;
am Morgen;in der Frühe;;
an Ostern/Josefi;auf Ostern/Josefi;;
anbauen (Haus);dranbauen;;
anbräunen;aufschmalzen;;
andrehen (Licht);aufreiben, aufdrehen;;
anfassen;anlangen, antappen;;
Angeber;Protz, Dampfplauderer;;
angeberisch;protzerisch;;
Angst;Bollen, Schiss;;
Angsthase;Bollenbruder, Schisser;;
anheben;lupfen;;
ankucken;anschauen;;
Anna-Maria;Annermirl;;
Anschnitt;Scherzl, Scherzerl;;
Ansturm;Geriss;;
Anwalt;Advokat;;
anziehen;anlegen;;
anzünden;ankenten;;
Appettit;Glust, Guster;;
Arbeitspause;Brotzeit;;
ärgern (sich);giften;;
ärgern (jemanden);tratzen,;;
arm;notig;;
Arschbacke, die;Arschbacken, der;;
Arzt;Doktor;;
Asche, die;Aschen, der;;
Atem;Schnauferer;;
auch;aa;;
aufatmen;aufschnaufen;;
aufgetakelt;aufgebrezelt, aufgemascherlt;;
Aufkleber;Bapperl, Wapperl;;
aufmerken;spitzen;;
Aufschneider;Schmarrer, Dampfplauderer;;
auftauen;aufleinen;;
Augsburg;Datschiburg;;
Augsburger;Datschiburger;;
Ausrutschen;stranseln;;
aussehen;ausschauen;;
austricksen;papierln, ausschmieren, blitzen, pratzeln;;
;;;
;;;
;;;
;;;
;;;
;;;
;;;
;;;
;;;
;;;
;;;
;;;
;;;
;;;
Cäcilia;Cilli;[zilli];   
Café;Kaffeehaus;[kafä:haus];
Camp;Lager, Zeltplatz;[lagà, zäiddblåz];
Cape;Kotze;[kotzn];Des is aber a scheene Kotzn!
Champagner;Schampaninger, Schampus;[schambbaningà, schambbus];
Champignon;Schwammerl;[schwàmmàl];
Chance;Gelegenheit;[gle:nghaid];So a Glegnheit kommt ned nomoi!
Chaos;Durcheinand, Ramasuri;[duàchànand, ràmàsuari];
Choleriker;Zornbinkel, Wuthaferl, Wutnickel;[zoànbinggl, wuàdhà:fàl, wuàdniggl];
City;Stadt, Markt;[schdå:d, margd];Heid gemma in Markt nei.
Cola, die;Cola, das;[kola];Des Cola mog i ned!
Computer;Kiste;[kissdn];Hockst scho wieder vor da Kistn!
Cousin;Vetter, Geschwisterkind;[feddà];
;;[gschwissdàkind];
Cousine;Base, Geschwisterkind;[bàsai, bàsl];
;;[gschwissdàkind];
Croissant;Butterhörnderl, Bamberger Hörderl;[buddàheàndl, bambeàgà heàndl];
Sponsored Content;;;
;;;
;;;
;;;
;;;
;;;
;;;
;;;
;;;
;;;
;;;
;;;
;;;
;;;
;;;
;;;
;;;
;;;
;;;
;;;
;;;
;;;
;;;
;;;
;;;
;;;
;;;
;;;
;;;
;;;
;;;
;;;
;;;
;;;
;;;
;;;
;;;
;Beispiel;;
Dachpfanne;Dachziegel;[då:chziàgl];
daherreden;verzapfen;[fàzàbbfà];Vazapf koan solchern Schmarrn!
damals;selbigesmal, selmals;[säibigsmåi, säimåis, säim];
dämlich;damisch;[dà:misch];
dämmerig;dumpa;[dumbbà];Drauß is scho dumpa.
Danke;dankschön, vergelts Gott;[dangsche:, fàgäidsgod];
dann;aft, nachher;[àffd, nachà];
Darmwind;Schoaß, Bumps, Backserl;[schoàs, bumbbs, baggsàl];
das (Artikel);des;[de:s];
Datum, das;Datum, der;[dàddum];
Dauerregen;Schnürlregen;[schniàlreng];Heid hamma wieder an Schniàlreng.
Daumen drücken;Daumen halten;[dà:màhåiddn];
Delikatesse;Schmankerl;[schmànggàl];
Delle;Dulle;[duin];Da neie Bariton hod scho a Duin!
defekt;kaputt;[kabudd];
derb;geschert, krachert, hagelbüchern;[gscheàd, grachàd, håglbuàchàn];
deshalb;deswegen;[dessweng];
Dessert;Nachspeise;[nåchschbais];
dick;körndlgefuttert, gwampert, mollert, zeckerlfett;[keàndlgfuàdàd, gwammbàd, mollàd, zäggàlfedd];As Nachbarsdeandl is recht körndlgfuadad.
Dickkopf;Büffel;[biffe];
Dienstag;Ertag, Irta;[irdà];
diese;de;[de:];
direkt;pfeilgerade;[bfaigrå:d];
dirkutieren;diskurieren;[dischgriàn];
Donnerstag;Pfinstag;[bfinnsdà];Mia seng uns am Pfinsta.
doppelzüngig;zwiefotzert;[zwi:fozzàd];
Dörrbirne;Kletzen;[glä:dsn];
Dörrobst;Hutzeln;[hu:zln];
dösen;nafetzen, duseln;[nafeddsn, du:sln];Z Middog mog da Opa a weni nafetzn.
Dose;Büchse;[bixn];Ananas in da Büchsn san so siass!
draußen, hier;heraußen;[heàraussn, heàraussd];
Drei, die;Dreier, der;[draià];
Dreikäsehoch;laufender Meter;[làffàdamäddà];
Drehknopf;Reiber;[raibà];
dringend;bressant;[brässàndd];
drüben;drent;[drendd];
drücken, sich;pelzen;[bäizzn];
Duckmäuser;Siemandl;[si:mànndl];
dumm;blöd, deppert, geprellt;[blä:d, däbbàd, bräid];
Dummkopf;Dummerl, Doite, Depp;[dummàl, doidde, däbb];
Dünger;Dung;[dung];
dunkel;finster;[finsdà];In da Nacht iss finster.
Dünnbier;Scheps;[schäbbs];
dünsten;dämpfen;[dàmmbfen];
dunstig;dämpfig;[dàmmbfig, dàmmbfe];
Durcheinander;Ramasuri;[ràmàsu:ri];In deim Zimmer is a recht a Rammasuri!
Durchfall;die Scheißerei;[dschaissàrai];
Durst;Brand;[brand];
Duschen;Brausen;[brausn];
;;;
;;;
;;;
;;;
;;;
;;;
;;;
;;;
fächeln;wacheln;[wà:chän];Dua ned so wadln, es ziaght!
fahrig;ruschert;[ruàschàd];Wos bist denn heid so ruaschad?
Fahrkarte;Bilettl;[biläddl];
Fährmann;Ferge;[fäàg];
Fahrrad;Radl;[rà:dl];Mia hams as Radl gstoin!
falls;bal;[båi];
falten (Stoff);zusammenlegen;[zammle:ng];Leg amoi de Wasch zsamm.
Fangen (Spiel);Fangsterl, Fangermanndl;[fangsdàl, fangàmànndl];
Faschingskostüm;Maschkera;[maschgàrà];
Fastnacht;Fasching, Maschkera;[fasching, maschgàrà];
faseln;dalfern;[dåifen];Dua ned so daherdoifen!
fauchen;pfosen, pfugetzen;[bfo:sn, bfugäzzn];
faul;gstinkert;[gschdingàd];Da Pater is vielleicht gstinkert!
faulenzen;sich pelzen;[bäizzn];
fehlen;abgehen;[åbge:];
Feiertagskleidung;das hochgute Gewand;[àshåuchguàdegwand];D Rosl hod as houchguade Gwand oglegt.
Feldstecher;Zuherzieher;[zuàweziàgà];
Felsgrad;Zeangradl;[zeàngràdl];
Fensterrahmen;Fensterstock;[fensdàschdog];
Ferkel;Fackel;[fagg, fàgge];
Fernglas;Zuherzieher;[zuàweziàgà];Leich ma den Zuaweziaga, i sig nix!
fertigbringen;zusammenbringen;[zambringà];
Fertigsuppe;Packerlsuppe;[bàggàlsubbm];
Fett, das;Fetten, die;[fäddn];Und obn auf schwimmt d Fettn!
Fettnäpfchen (ins, treten);sich einen Schiefer einziehen;[ànschi:fàaiziàng];
Feuer aus Nadelholzzweigen;Daxenfeuer;[dàxnfaià];
Fichte;Feichten;[faichdn];
Fichtenzweige;Daxen;[dàxn];
fies;ausgeschämt, geschert;[ausgschà:md, gscheàd];
Figur;Gestell;[gschdäi];Dei Freundin hod a saubers Gstell!
Finger (Pl.);Klupperl, Griffel;[glubbàl, griffe];
Firmpate;God;[go:d];
Firmpatin;Godei, Godin;[go:dai, go:din];
flachbrüstig;bretteleben;[bre:le:m];
flattern;wacheln;[wà:chän];D Wasch wachelt im Wind.
fleckig;fleckert;[gfleggàd];
Flegel;Lackel;[làggl];
Fleischer;Metzger;[mezgà];
Fleischkäse;Leberkäse;[lewàkà:s];
Fleischkuchen;Leberkäse;[lewàkà:s];
fliehen;abhauen;[åbhaun];Zwoa san ausm Gfängnis obghaut!
Fliese;Kachel;[ka:chä];
flirten;anbandeln, spernzeln;[o:bàndln, schbeànzln];Da Miche mecht owei obandln bei mir!
Flittchen;Flitscherl;[fli:dschàl];
Flugzeug;Flieger;[fliàgà];
Flusen;Flinserl;[flinsàl];
flüstern;wispern;[wischbàn];Wenn Du blos wisperst, versteh i nix!
Fluß;Ache;[åchn];
Fohlen;Heiß, Heißerl;[hàiss, hàissàl];
fortwährend;in einer Tour;[inoànàdu:r];
Fotoapparat;Foto;[foddo];
fragen;ausfratscheln;[ausfràdschln];
Frack;Gehsthintre;[gä:sdhindre];
Frauen;Weiberleut;[wàiwàlaid];
fremdgehen;aushergrasen, daneben hinaus gehen;[aussigråsn, dàne:mnausge:];D Hinterhuber is wieder danebn nausganga.
Freundin;Gspusi;[gschbu:si];
Friedhof;Gottesacker;[go:dsaggà];
Frikadelle;Fleischpflanzerl;[flaischbflànzàl];
Friseur;Bader;[bå:dà];
Fritattensuppe;Pfannenkuchensuppe;[bfa:nàkuàchàsubbm];
Früchtebrot;Kletzenbrot;[glä:znbrod];
Frühling;Lenz, Auswärts;[lenzz, ausweàds];Im Lenz bliahn olle Baam.
Füllen;Heiß, Heißerl;[hàiss, hàissàl];
Füller;Federhalter;[fedàhåiddà];
Füllung (Zahn);Plombe;[blombbm];
Fünf, die;Fünfer, der;[fümfà];Da Pauli hod an Fünfa in Erdkunde.
fürchten;scheuchen;[schaichà];
Furunkel;Eiss;[oàss];
Furz;Scheiß, Backs;[schoàs, baggs];
furzen;scheißeln, backseln;[schoàssln, baggsln];Hör amoi auf mit dem Schoaßln!
Fusel;Flinserl;[flinsàl];
Fußschweiß;Zehenkäse;[zächànkà:s];
Sponsored Content;;;
;;;
;;;
;;;
;;;
;;;
;;;
;;;
;;;
;;;
;;;
;;;
;;;
;;;
;;;
;;;
;;;
;;;
;;;
;;;
;;;
;;;
;;;
;;;
;;;
;;;
Für F finden Sie hier fein ausgesuchte, fantastische Wörter.;;;
;;;
Deutsches Wort;Bairisches Wort;Aussprache;Beispiel
fächeln;wacheln;[wà:chän];Dua ned so wadln, es ziaght!
fahrig;ruschert;[ruàschàd];Wos bist denn heid so ruaschad?
Fahrkarte;Bilettl;[biläddl];
Fährmann;Ferge;[fäàg];
Fahrrad;Radl;[rà:dl];Mia hams as Radl gstoin!
falls;bal;[båi];
falten (Stoff);zusammenlegen;[zammle:ng];Leg amoi de Wasch zsamm.
Fangen (Spiel);Fangsterl, Fangermanndl;[fangsdàl, fangàmànndl];
Faschingskostüm;Maschkera;[maschgàrà];
Fastnacht;Fasching, Maschkera;[fasching, maschgàrà];
faseln;dalfern;[dåifen];Dua ned so daherdoifen!
fauchen;pfosen, pfugetzen;[bfo:sn, bfugäzzn];
faul;gstinkert;[gschdingàd];Da Pater is vielleicht gstinkert!
faulenzen;sich pelzen;[bäizzn];
fehlen;abgehen;[åbge:];
Feiertagskleidung;das hochgute Gewand;[àshåuchguàdegwand];D Rosl hod as houchguade Gwand oglegt.
Feldstecher;Zuherzieher;[zuàweziàgà];
Felsgrad;Zeangradl;[zeàngràdl];
Fensterrahmen;Fensterstock;[fensdàschdog];
Ferkel;Fackel;[fagg, fàgge];
Fernglas;Zuherzieher;[zuàweziàgà];Leich ma den Zuaweziaga, i sig nix!
fertigbringen;zusammenbringen;[zambringà];
Fertigsuppe;Packerlsuppe;[bàggàlsubbm];
Fett, das;Fetten, die;[fäddn];Und obn auf schwimmt d Fettn!
Fettnäpfchen (ins, treten);sich einen Schiefer einziehen;[ànschi:fàaiziàng];
Feuer aus Nadelholzzweigen;Daxenfeuer;[dàxnfaià];
Fichte;Feichten;[faichdn];
Fichtenzweige;Daxen;[dàxn];
fies;ausgeschämt, geschert;[ausgschà:md, gscheàd];
Figur;Gestell;[gschdäi];Dei Freundin hod a saubers Gstell!
Finger (Pl.);Klupperl, Griffel;[glubbàl, griffe];
Firmpate;God;[go:d];
Firmpatin;Godei, Godin;[go:dai, go:din];
flachbrüstig;bretteleben;[bre:le:m];
flattern;wacheln;[wà:chän];D Wasch wachelt im Wind.
fleckig;fleckert;[gfleggàd];
Flegel;Lackel;[làggl];
Fleischer;Metzger;[mezgà];
Fleischkäse;Leberkäse;[lewàkà:s];
Fleischkuchen;Leberkäse;[lewàkà:s];
fliehen;abhauen;[åbhaun];Zwoa san ausm Gfängnis obghaut!
Fliese;Kachel;[ka:chä];
flirten;anbandeln, spernzeln;[o:bàndln, schbeànzln];Da Miche mecht owei obandln bei mir!
Flittchen;Flitscherl;[fli:dschàl];
Flugzeug;Flieger;[fliàgà];
Flusen;Flinserl;[flinsàl];
flüstern;wispern;[wischbàn];Wenn Du blos wisperst, versteh i nix!
Fluß;Ache;[åchn];
Fohlen;Heiß, Heißerl;[hàiss, hàissàl];
fortwährend;in einer Tour;[inoànàdu:r];
Fotoapparat;Foto;[foddo];
fragen;ausfratscheln;[ausfràdschln];
Frack;Gehsthintre;[gä:sdhindre];
Frauen;Weiberleut;[wàiwàlaid];
fremdgehen;aushergrasen, daneben hinaus gehen;[aussigråsn, dàne:mnausge:];D Hinterhuber is wieder danebn nausganga.
Freundin;Gspusi;[gschbu:si];
Friedhof;Gottesacker;[go:dsaggà];
Frikadelle;Fleischpflanzerl;[flaischbflànzàl];
Friseur;Bader;[bå:dà];
Fritattensuppe;Pfannenkuchensuppe;[bfa:nàkuàchàsubbm];
Früchtebrot;Kletzenbrot;[glä:znbrod];
Frühling;Lenz, Auswärts;[lenzz, ausweàds];Im Lenz bliahn olle Baam.
Füllen;Heiß, Heißerl;[hàiss, hàissàl];
Füller;Federhalter;[fedàhåiddà];
Füllung (Zahn);Plombe;[blombbm];
Fünf, die;Fünfer, der;[fümfà];Da Pauli hod an Fünfa in Erdkunde.
[schaichà];;;
[oàss];;;
[schoàs, baggs];;;
[schoàssln, baggsln];Hör amoi auf mit dem Schoaßln!;;
[flinsàl];;;
[zächànkà:s];;;
;;;
;;;
;;;
;;;
;;;
;;;
;;;
;;;
[brozaid];;;
gaffen;stieren, zahnen;[schdi:àn, za:nà];
gammeln;sandeln;[sàndln];
Gänseklein;Gansjung;[gansjung];
Gänserich;Ganserer;[gansàrà];
Ganter;Ganserer;[gansàrà];
gar;durch;[duàch];Der Braten is gwieß durch!
Gardine;Vorhang;[voàhang];
Garten (arbeiten im);garteln;[gàrddln];
Gasmann;Gaserer;[gà:sàrà];
Gastwirt;Wirt, Bräu;[wiàdd, brai];
Gau, der;Gäu, das;[gai];In unsam Gäu lebt da Stoiber.
Gaudi, das;Gaudi, die;[gaudi];
Gauner;Bazi, Lunmp, Schlawiner, Haderlump;[bà:zi, lumbb, schlàwi:nà, hådàlumbb];
Gebüsch;Stauden;[schdaun];Bass auf, foi ned in d Staun.
Geck;Stenz;[schdenz];
Gedenkkreuz;Marterl;[màrddàl];
gefügig;handsam;[handsam];
gedrechselt;drechselt;[dràxld];
gegenüber;drenterhalb;[drenndàhåi];
gehorchen;spuren, folgen;[schbuàn, foing];Unser Bua spurt scho, wenn er mog.
gehörig;gescheit, sauber;[gschaid, saubà];
Geizhals;Notnickel, Ruch;[nåudniggl, ruàch];
gelb (intensiv);gackerl-, gruserlgelb;[gaggàl-, gru:sàlgäib];
Geld;Diridari, Gerstl, Moos, Flins;[diredàre, geàsdl, mo:s, flins];
gelockt;geschneckelt;[gschnäggld];An Müller sei Bua is gschnecklad.
gelüsten;anweigen;[o:waing];
gemein;geschert;[gscheàd];
Gemeinde;Gemein;[gmoà];
gemeinsam;miteinander;[midànandà];
Gemüse;Gmias, Grünzeug;[gmiàs, greàzaig];Vui Gmias is gsund!
gemütlich;grübig, zeam;[griàbig, zeàm];
genau;akkurat;[àggràdd];
Genick;Gnack;[gnàgg];
genügend;genug;[gnuà];
geöffnet;offen, off;[offm, off];
Georg;Schorsch, Girgl, Schore;[schoàsch, giàgl, schore];
Gepolter;Gepumper;[gebumbbà];
gerade;grad;[grå:d];
geradezu;schier, direkt;[schià, direggd];
gerammelt voll;gesteckt voll;[gschdeggdvoi];
Geräuchertes;Geselchtes;[gsäichds];
gerinnen;stöckeln, zusammenlaufen;[schdeggln, zamlàffà];Wennst d Muich steh lasst, na werds gstöcklt.
Geruch;Geschmack;[gschmàggä];
Gerümpel;Glump, Graffel;[glumbb, gràffe];
Geschäft;Laden;[lå:n];
geschehen;passieren;[basiàn];
geschwätzig;ratschert;[ràdschàd];
gesellig;zünftig;[zimfdi];Heid iss wieder zinftig!
Gesindel;Bagage;[bàgà:sch];
Getöse;Metten;[meddn];
Getränkerest;Neigerl;[noàgàl];
gewaltvoll;krawotisch;[gràwå:disch];
Gewehr;Büchse;[bixn9;A jeder Jager hod a Büchs.
Geweih (Reh, Gämse);Krickerl, Gewichtl;[griggàl, gwichdl];
Gewitter;Wetter;[we:dà];
gewitzt;gewappelt, wief;[gwàbbed, wi:f];
gierig;ruchert;[ruàchàd];Sei ned so ruachad!
Gitarre;Klampfe;"[glambbfà; glambbfm]";I lern iatz Klampfn!
Gitterbett (Kinder);Bettstattl;[beddschdàdl];
glasklar;glaslheiter;[gláslhoadda, gláseihoadda];Da Himme is glaseihoadda…
Glatze;Platte;[bladdn];Unser Englischlehrer hod a Plattn.
Glatzkopf;Platterter;[bladdàdà];
glatzköpfig;plattert;[bladdàd];
gleitsch;rutschen;[ruddschn];
Gletscher;Fern;[feàn];
glitschig;rutschig;[ruddschig];
Glück;Dusel, Massel;[du:sl, màssl];
Glühwürmchen;Leuchtkäferl;[laichkäfàl];
Glupschaugen;Batzelaugen;[bàzzlaung9;De neie Vakäuferin hod Batzlaugn.
Grasland;Ägarten;[ä:garddn];
grau;grab;[grà:b];
grauen;grausen;[grausn];
grellgelb;gackerlgelb;[gaggàlgäib];
Grenzpolizist;Grenzer;[grenzzà];
Grieben;Grammeln;[grà:men];
Griebenfett;Grammelschmalz;[gràmeschmåiz];
griesgrämig;grantig;[grànddi];
Groschen;Zehnerl;[ze:nàl];
großartig;bärig, pfundig, zeam;[bäàrig, bfundig, zeàm];
grummeln;granteln, brummeln;[grànddln, brumen];Da Großvater duad oiwei so grandln.
grün;grea;[greà];
Grünschnabel;Grünling;[greàling];
Gummi, das;Gummi, der;[gu:mi];
Gurke;Gugummerer;[gugumàrà];
Gürteltasche;Wimmerl;[wimàl];An Diredari hob i im Wimmerl drin-
Güte;Gutheit;[guàdhaid];
gut;bärig, pfundig, zeam;[bäàrig, bfundig, zeàm];
guten Tag;Grüß Gott;[griàsgo:d];Bei uns sogt ma Grias God, wenn ma reikimt!
;;;
;;;
;;;
;;;
;;;
;;;
;;;
;;;
;;;
Habicht;Stößer;[schdässà];
Hacke (fuß);Ferse;[feàsn, feàschn];
Hackebeil;Hackl, Axt;[hàggl, axdd];
Hackklotz;Hackstock;[haggschdo:g];
Hafer;Habern;[hå:wàn];
Haferpflaume;Kriecherl;[griàchàl];
Hahn;Gockel, Gickerl;[gogl, giggàl];
Hähnchen;Gickerl, Gockerl;[giggàl, goggàl];
Hallo;Griaß Di, Servus, Habe die Ehre, Griaß Euch;[griàsdi, seàwus, hawedeàre, griàssaich];
Handbesen;Bartwisch;[ba:rdwisch];
Hände (groß);Pratzen;[brazzn];
Händler;Tandler;[dànddlà];
hangeln;hanteln;[hànndln];
hänseln;tratzen;[dràzzn];
Häppchen;Batzerl, Bröckerl;[bàzzàl, breggàl];
Harke;Rechen;[rä:chà];
harken;rechen;[rä:chàn];
Harz;Baumpech;[bà:mbe:ch];
Hasenfuß;Schisser, Bollenbruder;[schissà, boinbruàdà];
hassen;dickhaben;[digghåm];
hässlich;gräuslig, schiech;[graisli, schiàch];
hastig;ruschert;[ruàschàd];
Haus (abfällig);Hiwern;[hiàwàn];Geh, wos wuist denn mit dera oidn Hiawan?
Häuschen;Häuserl, Häusl;[haisàl, haisl];
Häuserblock;Stock;[schdo:g];
Hausflur;Flez, Gang, Hausgang;[fle:z, gang, hausgang];
Haushälterin;Hauserin;[hausàrin];
Hausknecht;Hausl;[hausl];
Hefe;Germ, Hepfe;[geàm, hebffà];
Hefekloß;Germknödel, Dampfnudel;[geàmgne:dl, dambfnu:l];
herftig;gaach, sauber;[gà:ch, saubà];
Heimweh;Zeitlang;[zaidlang];
Heiratsvermittler;Schmuser;[schmu:sà];
Hektikerin;Rusche;[ruàschn];De neie Putzfrau is a Ruaschn!
hektisch;ruschert;[ruàschàd];
Helligkeit;Lichten;[liàchdn];
Hemd, das;Pfoat, die;[bfoàd, he:màd];
;Hemmert;;
Henkelmann;Bitscherl;[bi:dschàl];
herab;abher;[å:we];
heraus;aufher, rauf;[auffe, rauf];
heraus;ausher, raus;[ausse, raus];
Herbst;Hirgscht, Einwärts;[hiàgschd, äiweàds];
herein;einher, rein;[aine, räi];
hereinlegen;blitzen, blümeln;[blizzn, bleàmen];
Herren;Mannerleut;[ma:nàlaid];
herüber;herent;[härendd];
herüber;umher, rüber;[umme, ri:wà];
herumkollern;rumkugeln;[rumku:gln];
herunter;abher, runter;[å:we, runddà];
heuen;heugnen;[haingà];
heulen;blöken, zahnen, röhren, trenzen;[bläggà, za:nà, rä:àn, drennzn];
Heumahd;Grummet;[groàmàd];
Heuschrecke;Heupferderl, Grashüpfer;[haibfeàddàl, gråshubbfà];
hetzen;hudeln;[hu:dln];Nur ned hudln!
Hieb;Schlag;[schlåg];
hier;da;[då:];
hilflos;verratzt;[fàrazzd];
hin und wieder;ab und zu, diemals;[abunzuà, diàmåis];
hinab;abhin, nab;[å:we, nå:];
hinauf;aufhin, nauf;[auffe, nauf];
hinaus;aushin, naus;[ausse, naus];
hinein;einhin, nei;[äine, näi];
hintendrein;hintennach;[hinddnå:ch];
hinterher;nachher;[nåcheà];
hinüber;umhin, nüber;[umme, ni:wà];
hinunter;abhin, nunter;[å:we, nunddà];
Hinweis;Deuter;[daiddà];
Hitzkopf;kleiner Binkel;[gloànàbinggl];
hoch (Adj.);hoch, groß;[houch, grous];
hoch (Adv.);hinauf, weit, oben;[hinauf, waid, o:m];
hoch gehen;nauf gehen;[naufge:];
Hochmoor;Filz;[fuiz];
Hochzeitslader;Progoder;[brogå:dà];
Hocker;Schämel;[schà:me];
Höcker;Buckel;[buggl];
Hollunder;Holler;[ho:là, hoià];
Holzbock (Arbeit);Schragen;[schrà:ng];Led des Brettl do auf d Schragn!
hölzern;holzern;[hoizàn];
Holfäller;Holzknecht;[hoizgnächs];
Holzschuppen;Holzlege;[hoizle:g];
Honig;Heng, Heni;[he:ng, he:ni];
Honigkuchen;Lebkuchen, Lebzelten;[le:bkuàchà, lebzäiddl];
horchen;lusen, spitzen;[lu:sn, schbizzn];
hören;lusen;[lu:sn];
Hosentasche;Hosensack;[ho:snså:g];   
Huckepack;Buckelkrax;[buglgràx];I mecht bucklkrax trogn wern!
hübsch;fesch, sauber;[fäsch, saubà];
Hügel;Bichel;[bi:chä];
Huhn;Henne;[he:nà];
Hühnerkot;Hennendreck;[he:nàdre:g];
Hülle;Hülse;[huisn];
;;;
;;;
;;;
;;;
;;;
;;;
;;;
;;;
Jacke;Janker, Joppe;[jànggà, jobbn];
Jagdgewehr;Stutzen;[schduzzn];
jagen;jagern;[jà:gàn];
jäh;gach;[gà:ch];Fahr ned so gaach!
Jahrmarkt;Dult, Volksfest, Prater;[duidd, foigsfesd, brådà];
jammern;winseln;[wuisln];Dei Hund wuisld scho wieder!
jammerschade;zu tode schade,;[zdoudschåd, ewischåd];Dass da Kramer zuagsperrt hod, is z doudschod.
;ewig schade;;
jäten;ausgrasen;[ausgrå:sn];
Jauche;Odel;[å:dl];Am Meier sei Odlfassl hod a Loch!
jedermann;ein jedes;[àjäds];
jemand;einer, eine, etwer;[oànà, oàne, äbbà];Hod ebba wos dagegn?
jenseits;drenterhalb;[drennddàhåi/;
;;drennddàhåib];
jetzt;derzeit;[deàzaid];
Joch;Tagwerk;[då:gweàgg, Dåwà];Mia ham fünf Dogwerk Grund.
Johann;Hans, Hansl, Hannes;[hans, hànsl, ha:nes];
Johannisbeeren;Ribisel;[ribisl];
Josef;Beppi, Bepperl, Sepp, Sepperl,;[bäbbi, bäbbàl, sebb, sebbàl];
jubeln;juchzen;[juchä:zn];
Jubelschrei;Juchzer, Juschrei;[juchzà, juchschroà];Los amoi an Juchzer los!
jucken;beißen;[bàissn];De oide Hosn de beisst a so!
Juckreiz;Beiß;[bàiss];
Jüngelchen;Buberl;[biàwàl, buàle];
Junge;Bub;[buà];Mia ham zwoa Buam.
Jungs;Buben, Burschen;[buàm, buàschn];
justamend;gerade, akkurat;[grå:d, à:gràdd];
Jute, aus;rupfern;[rubbfàn];Des is ja aa rupfans Hemad!
Jutegewebe;Rupfen;[rubbfà];Dua amoi de rupfan Sack her!
;;;
;;;
Kacke;Scheiße, Scheißdreck;[schaisse, schaisdre:g];
kacken;gackeln;[gaggln];
kahlköpfig;plattert;[bladdàd];
Kahn;Schifferl;[schiffàl];
Kakerkake;Russ, Schwab;[russ, schwå:b];
Kälbchen;Kalbl;[kaiwe];
Kalbe;Kalm;[kåim];Unsere Koima san auf da Oim.
kalben;kalbern;[kåiwàn];
Kamm;Kampel;[kàmmbe];
kämmen;kampeln;[kàmmben];Du bist ja no ned kamped!
Kanten;Scherzerl;[scheàzl];
Käppi;Kappe;[kàbbe];Des Kappe is schee!
Karo;Häusl, Kastl;[haisl, kàssdl];
kariert;gehäuselt, gekastelt;[kaisld, kàssdld];I hob an ghäusdn Rock.
Karneval;Fasching, Maschkera;[fasching, màschgàrà];
Karnickel;Hase, Kinihas;[hå:s, kineå:s];
Karre, die;Karren, der;[karrn];
Kartenspieler;Kartler;[kà:ddlà];
Karteon;Papperdeckel;[babbàdeggl];Zum Bastln brauch ma an Babbadeckl.
Karotte;gelbe Rübe;[gäiweruàm];Bei uns hoaßns gelbe Ruam!
Kartoffel, die;Erdapfel, der, Grundbirne, die;[eàdabbfe, grumbbiàn];
Kartoffelpuffer;Reiberdatschi;[raiwàdà:dsche];
kapieren;eingehen, gneißen;[äige:, gnaissn];
Kasperle, das;Kasperl, der;[kàschbàl];Unser Kasperl is bsonders schee.
Kasserolle;Reine;[rainà, raindl];
Kasten (Getränke);Tragel, Träger;[drà:gl];Hoi ma no a Tragl Limo.
Kehle;Gurgel;[guàgl];
keifen;belfern;[bäifen];
Keilerei;Raufferts;[ràffàds];
Kelle;Schöpflöffel;[schebbfleffe];
Kerngehäuse;Butzen;[buzzn];I hob den Apfe mitsamt dem Butzn gessn.
kerngesund;bumperlgesund;[bumbàlgsund];
kichern;kudern, gugitzen;[ku:dàn, gugizzn];
Kiefer (Baum);Föhre;[feàn];
Kiesel;Steinderl;[schdoàndàl];
Kinderbett;Bettstattl;[beddschdàdl];Bring an Maxi ins Bettstadl, er is miad.
Kiosk;Standl;[schdànddl];
Kirchweihfest;Kirta, Kirwa;[kirdà, keàwà];
Kirchweihschaukel;Kirtahutschen;[kirdàhuddschn];
Kirmes;Dult, Volksfest, Kirta;[duidd, foigsfesd,kirdà];
Kiste (Getränke);Tragl, Träger;[drà:gl];
Kiste (Obst);Steige;[schdaing];
Klamotten;Gewand;[gwand];
klappern;scheppern;[schä:wàn];Da Fensterladn scheppert.
klarkommen;sich auskennen;[si auske:nà];
Klatschbase;Ratschkattl;[Rà:dschkà:dl/;
;;Rà:dschkàddl];
klauen;dacheln, mitgehen lassen, stibitzen, krampfeln, abstauben;[dà:chen, midge:låssn, schdibizzn, gràmbbfen,åbschdaum];
kleben;pappen, picken;[babbm, biggn];
Kleber;Papp;[babb];
klebrig;pappig, pappert;[babbig, babbàd];Deine Händ san ganz babbig!
kleckern;trenzen, sauen;[dre:nzn, saun];Host di wieder voitrenzt!
klecksen;patzen;[bazzn];
Kleidung;Gewand;[gwand];
kleiner Hund;Zamperl, Wadenbeißer;[zàmbbàl, wà:dlbaissà];
Kleinbauer;Häuselmann, Häusler;[haislmo:, haislà];
Kleinkrämer;Tüpferlscheißer;[dibbfàlschaissà];
klemmen;zwicken;[zwiggà];
Klemtner;Spengler;[schbànglà];
Klepper;Häuter;[haiddà];
klettern;kraxeln;[gràxln];
klicken;schnackeln;[schnàggln];Wenns einschnagglt, na bassts.
Klicker;Schusser;[schmu:sà];I hob scheene große Schusser.
Klingel;Glocke;[gloggn];
klingeln;läuten;[laiddn];Wennst mit da Glockn läutst, na kim i.
klirren;scheppern;[schä:wàn];
klopfen;pumpern;[bummbàn];Du muast ned glei so pumpern, i hör Di scho.
Klops;Nockerl, Knödel;[noggàl, gne:l];
Kloß;Knödel;[gne:l];
Klößchen;Nockerl, Knöderl;[noggàl, gne:dàl];
kluckern;glucksen;[gluggsn];Hör, wia des Bacherl gluckst!
klug;gescheit;[gschaid];
Klümpchen;Batzerl;[bàddsàl];
knacken;knacksen, schnackeln;[gnàggsn, schnàggln];I hob ma mein Fuaß vaschnacklt.
Knall;Schnalzer, Tuscher;[schnåizzà, duschà];
knallen;schnalzen, krachen;[schnåizzn, gra:chà];
knallhart;eiskalt, beinhart;[aiskåid, boàha:dd];
knarren;knarzen;[gnà:zn];
knauserig;notig;[nåudig];
knautschen;verbuckeln, verbutteln;[fàbuggln, fàbuddln];Dua dei Kleidl ned so vabuddln!
Knecht;Ehehalten;[e:håiddn];
kneifen;zwicken;[zwiggà];
Kneifer;Zwicker;[zwiggà];
Kneifzange;Beißzange;[baisszang, baisszangà];
Kneipe;Beize;[boàzzn];In so a varauchte Boazn geh i ned!
Knochen;Beine;[boànà];
Knochenmann;Beindlkramer;[boàndlkramà];
knöchern;beinern, beinig;[boànàn, boànig];As Diandl vom Nachbarn is gang boanig.
Knorpel;Kruspel;[gruschbe];
Knoten;Knopf;[gnobf];
Knüller;Reißer;[raissà];
Knüppel;Prügel;[bri:gl];
knüppeldick;faustdick;[faussdigg];
knusperig;rösch;[räsch];
knutschen;schmusen;[schmu:sn];
Köfferchen;Kofferl;[koffàl];
Köhler;Aschenbrenner;[aschnbre:nà];
Kohlmaise;Zizibäh;[zizibä:];
kompliziert;verzwickt;[fàzwiggd];
Kompott;Tauch;[dauch];
Konfitüre;Marmelade;[màmàlà:d];
Kopf;Belli, Schädel, Birne;[bälle, schä:dl, biàn);
Kopfschmerzen;Kopfweh;[kobfwä:];
Kopfsprung;Köpfler, Hecht;[kebbflà];
Korb;Kirm, Kretzl, Zegerer;[kiàm, gräzzl, sägàrà];„A kloans Grätzl voller Erdäpfe“ is a scheene Gschicht!
Korinthe;Weinbeere;[wäibeàl];
Kotze;Gspeiberts;[gschbaibàds];
Krachmacher;Radaubruder;[ràdaubruàdà];
Kraft;Schmalz;[schmåizz];
Kraft (Arme);Irxenschmalz;[iàxnschmåizz];Sigst, da Huawa hod a Irxnschmalz!
kräftig (Mann);gestanden;[gschdanddn];
krakeelen;sich aufführen;[si auffiàn];
krakeln;schmieren;[schmiàn];Schmier ned so in deim Heft rum!
Krämer;Kramer;[gra:mà];
Krämersfrau;Kramerin;[gra:màrin];
Kräuter;Kräutl;[graiddl];Im Gartn wachsn guade Kräutl.
Kräuterfrau;Kräuterweiberl;[graiddàwaiwàl];
Kraushaar;Schneckerl, Wuckerl;[schnäggàl, wuggàl];
kratzen;krällen;[grain, gråin];
krempeln;stulpen;[schduibben];Dua ma amoi d Ärma naufstulpen!
Kreszenz;Zenzi;[zenzze];
kribbeln;bitzeln;[bizzln];
kriechen;schliefen;[schliàffà];
kross;rösch;[räsch];
Kröte;Protz;[bro:z];
Krume;Molle;[moin];
Krümel;Brösel, Bolterl;[bräsàl, boiddàl];
Krümelkuchen;Streuselkuchen;[schdraislkuàchà];
krümaln;bröseln, wutzeln;[brä:sln, wu:zln];
Krüppelkiefer;Latsche;[là:dschn];
kruschen;rumkrällen;[rumgrain, -gråin];
kramen;rumkraudern;[rumgraudàn];De oide Kath duad oiwei rumkraudern.
Kruste (Fleisch);Schwarte, Rammerl;[schwarddn, ràmme];
Kruste (Blut);Ruferl, Rufernschmarren, Bletze;[rufàl, rufànschma:n, blä:zn];
Küche;Küch, Kuchl;[kich, kuchl];
Küchenhilfe;Kuchlmensch;[kuchlmensch];
Küchenschrank;Küchenkasten;[kichnkasddn];De Büchsn mitm Geld is im Küchenkasten.
kucken;schauen, spechten, luren;[schaung, schbächdn, lurn];
Kuhfladen;Kuhdreck;[kuà:dre:g];Deine Fiass san voller Kuahdreck!
Küken;Biberl, Singerl, Herl;[biwàl, singàl, heàl];
kullern;kugeln;[kugln];
Kumpel;Spezi, Kamerad;[schbä:ze, kamàra:d];
Kunde;Kundschaft;[kundschafdd];
Kurve;Schremse;[schre:msn];Bist wieder so gaach um d Schremsn umme, dass d umgschmissn host!
Kuss;Bussl;[busl];
küssen;abbusseln, busseln;[å:busln, busln];
Küster;Mesner;[me:snà];
;;;
;;;
labberig;letschert;[lä:dschàd];
Lache;Lacke;[laggà];Steig ned in de Lacka nei!
Ladentisch;Ladenbudel;[lå:dnbu:dl/Lå:dnbu:dl];Auf da Ladenbudl steht de Kasse.
Lakritz;Bärendreck;[Beàndre:g];
Lämmchen;Lamperl, Betzerl;[làmbbàl, Làmbbe];
Landstreicher;Grattler, Hamperer, Sandler;[gràddlà, hambbàrà, sà:ndlà];
lang (die Straße);entlang,( hinunter, herab);[enddlang];Do entlang und nacha rechts nüber.
langbeinig;langhaxert;[langhàxàd];
Langweiler;Letschenbene, Leimsieder, Fadian;[lä:dschnbe:ne, loàmsiàdà, fà:dian]];Mei Chef is a richtiger Letschnbene.
langweilig;letschert, fad;[lä:dschàd, fà:d]];
langweilige Frau;fade Molle, fade Nocke;[fà:de moin, fà:de noggn];
Lappen;Lumpen, Hadern;[lumbbm, hå:dàn];
Lärm;Mette;[meddn];
lästern;granteln;[grànddln];
Lätzchen;Latzerl, Trenzerl;[làzzàl, drenzzàl];
Laube;Salettl;[sàläddl];Im Salettl spuid heid a Musi.
Lauch;Porree;[bo:re];Bring ma an Pore vom Kramer mit!
lauern;luren, passen, spechten;[luàn, bàssn, schbächdn];
laufen;sausen, reifeln;[sausn, roàffen];
Laune, schlechte;Grant;[gràndd];Da Girgl hod heid wieder an saubern Grant!
lauschen;lusen;[lu:sn];
Läusekamm;Lausrechen;[Lausrä:chà];
lebenslustig;lebfrisch;[lebfrisch];D Rosi is a lebfrischs Diandl.
lecken;ausrinnen;[ausri:nà];
lecken;schlecken;[schläggà];
lecker;gut, geschmackig, fein, ganz gut, närrisch gut;[guàd, gschmàggig, fäi, gà:nsguàd, nà:rischguàd];
Leckerbissen;Schmankerl;[schmànggàl];
Lederhose (kniefrei);Kurze, Wichs,;[kuàze, wix];Friara is ma mit da kuzn Wichs ned in d Kircha ganga!
;kurze Wichs;;
Lederhose;Lederne, Bundlederne;[ledàne, bundledàne];
Lederhosenmacher;Säckler;[sàgglà];
ledig;einschichtig;[oàschichde];
Lehm;Loam;[loàm];Berg am Loam hoaßt so, weils do friara vui Loam gebnnhod.
Leim;Leim;[laim];Da Schreiner nimmt an Leim zum Pappn her.
lehnen;lainen;[loànà];
Lehrjunge;Lehrling, Lehrbub;[leàling, leàbuà];
Leichenbegräbnis;Leich, die;[laich];Beim Xare selig, des war a scheene Leich.
Leichtgewicht;Krüsperl;[grischbàl];
leid tun;derbarmen;[dàbarmà];
Leine;Strick, Schnur, Schnürl;[schdri:g, schnuà, schniàl]];Dua d Wasch vom Strick owa!
Leiter;Staffelei, Loata;[schdafflai, loàddà];
Lid;Augendeckel;[aungdegl];
lieben;gernhaben, mögen, gefallen;[geànhåm, me:ng, gfåin];I hob mein Mo narrisch gern.
liebestoll;gamsig, wepsig;[gàmsig, wäbbsig];
Liebe;Lieb;[liàb];
Liebe machen;schnaxeln, mausen, zusammenpacken, bürsteln,;[schnàxln, mausn, zammbaggà, biàschdln];
Liebschaft;Liebhaber, Gspusi;[liàbhabà, gschbu:si];
Liebstöckel;Maggiekraut;[màggigraud];Dua in d Suppn no a Maggiekraut nei!
Liege;Kanapee, Chaise longue;[kanàbä:, schäslong];
liegen;flacken;[flaggà];
Limo, die;Limo, das;[limmo, grà:chàl, schbringàl];Des gelbe Limo mog I ned, I mog liaba des rote Gracherl.
;Gracherl, Springerl;;
Liptauer;Obatzter;[o:bàzzdà];
Loch im Strumpf;Kartoffel;[ka:doffe];Du host ja an saubern Kartoffe im Socka!
Locke;Schneckerl, Wuckerl;[schnäggàl, wuggàl];
lockig;geschneckelt, geschnecklert;[gschnägglàd];
Lokus;Häusl;[haisl];
lose;offen;[offm, off];
loslassen;auslassen;[auslåssn];Los mi aus!
Löwenzahn;Millischeggl, Muichscheggl, Saubleamal;[millischäggl];
;;[muichschäggl];
;;[saubleamal];
lustig;zerm, fidel, zünftig;[zeàm, fidäi, zimbfdig];
lutschen;schlecken;[schläggà];
na denn;alsdann;[åisdann];
nach (Ortsangabe);auf München hinein;[aufmingànäi];Fahr ma auf Minga nei.
nach und nach;bröckerlweis, zietzerlweis;[breggàlwais, zi:zàlwais];
nachhause;heim;[hoàm];
Nachhauseweg;Heimweg;[hoàmweg];
nachher;später, nachert;[schbà:dà, nachà];
Nachkomme;Fechser;[fäxà];Meine Fechser gengan scho in d Schui.
nachsehen;nachschauen;[nåchschaung];
Nachtisch;Nachspeise;[nåchschbais];
nachts;bei der Nacht;[baidànåchd];Bei da Nacht is er dann endlich kema.
Nackedei;Nackerfrosch, Nackerbätzerl;[naggàfro:sch, naggàbä:ze];
nackt;nackert;[naggàd];
nagen;fieseln, kiefeln;[fi:sln, ki:fen];I fiesld an Apfebutzn owei ganz ab.
Nähe;Nachert;[nà:chàd];Mei Bruada wohnt ganz in da Nachert.
näher;nacherter;[nà:chàdà];
Napfkuchen;Gugelhupf;[guglhubbf];
naschen;schlecken;[schläggà];Hast scho wieder gschleckt!
Nebel;(Nebel);[nä:we];
necken;tratzen, pflanzen, aufziehen;[dràzzn, bflànzn, aufziàng];Mechts du mi pflanzn?
nein;naa;[nà:];
Nelken;Nagerl;[nà:gàl];De Nagerl san no ganz frisch.
Nesseln, sich hineinsetzen;sich einen Schiefer einziehen;[schi:fà];O mei, do hob i an Schiefer neizogn.
neulich;letzhin, neulings;[lezdings, nailings];
Neun, die;Neuner, der;[näinà];In meiner Jahrzahl is a Neina drin!
neunmalklug;siebengescheit;[si:mgschaid];Du bist scho a siebnscheide!
nicht;ned;[ne:d];
nicht mehr;nimmer;[nimmà];
nicht wahr?;gell, gelln S;[gäi, gäins];
nichts;nix;[nix];
Nichtsnutz;Hamperer, Haubentaucher, Lalle;[hambbàrà, haumdauchà, lalle];Dei neia Freind is vielleicht a so a Hampara!
nie mehr;nimmer;[nimmà];
niedergeschlagen;dasig;[dà:sig];Heid schaugst aber dasig aus.
nieseln;nasseln;[nàssln];
Niete (Los);Nixerl;[nixàl];
Nordhang;Winterleite;[winddàlaiddn];
nörgeln;raunzen, benzen, mampsen;[raunzn, benzn, màmbbsn];
Nudelholz;Nudelwalker;[nu:lwåiglà];
Null, die;Nuller, der;[nullà];
nur;grad, bloß;[gråd, blo:s];Des is ja grod a Gspass!
nützlich;gewandt, gescheid;[gwànnd gschàid];A Dampftopf is a gwandte Sach!
Obdach;Daheim;[dàhoàm];De arma Leid, de ham olle koa Dahoam mehr!
oben an;ganz oben;[ganso:bn];
oben auf;zu oberst;[z:obàsd];De greane Mappn liegt zoberst!
obendrein;außerdem, überhaupt;[aussàde:m, iwàhaubbds];
Ober;Kellner;[käi:nà];Ruaf amoi am Kellna!
Oberlicht, das;Oberlichte, die;[owàliachdn];
Oberschicht;Großkopferte;[gro:skopfàde];
obgleich;obwohl;[obwoi];
obschon;obwohl;[obwoi];
Obsthändler;Obstler;[obsdlà];
Obstkiste;Steige;[schdaign];Drei Steign Äpfe bittscheen!
Ochsenknecht;Ochserer;[oggsàrà];
öffnen;aufmachen;[aufmachà];
Ofendetzer;Hafner;[håfnà];
Ohrfeige;Schelle, Watsche, Fotze;[schäin, wàdschn, fozzn];
ohrfeigen;eine schmieren, schießen, runterhauen, reinhauen;[schmian, schiàssn,åwàhaun, neihaun];I schmier da glei oane!
O.K (okey);passt scho, meinetwegen, meinethalben;[bàssd scho, meinàdwegn, meinàdhåim];
Oktave;Oktav;[oggdàf];
ojemine;o mei, o jeggerl;[omäi, ojäggàl];
Omelette, das;Pfannenkuchen;[bfa:nàkuàchà];
ordentlich;gescheit, sauber, anständig;[gschaid, saubà,anschdändi];Dua dei Hausaufgab gscheid macha!
ordinär;geschert;[gscheàd];
Original;Urviech;[uàfi:ch];
Pack;Bagage;[bàgà:sch];
Päckchen;Packl, Packerl;[bàggl, bàggàl];
Paniermehl;Semmelbrösel;[se:mebrä:sl];
Pantoffelheld;Simandl, Lalle, Lapp, Doite;[si:màndl, lalle, labb, doidde];So a Simandl mog I ned!
Pappe;Papperdeckel;[babbàdegl];
Pärchen;Paarl;[bà:rl];D Leni und da Steff san a scheens Paarl!
Pate;God;[go:d];
Patin;Godei, Godin;[go:dai, go:din];
paucken (lernen);ochsen;[oxn];
Pausensnack;Brotzeit;[brozaid];
Pech haben;in den Dreck glangen;[indre:glangà];Mit dera neie Arbat hod da Huaber sauber in Dreck glangt!
peinlich (jemandem);arg zuwider;[argzwi:dà];
Peitsche;Geißel;[goàsl];
peitscheknallen;geißelschnalzen;[goàslschnåizzn];
Pelle;Haut, Schale, Rinde;[haud, schåin, rinddn];
pellen,;abschälen, schälen;[åbschäin, schäin];Du muast ma no an Apfe obschäin!
Pellkartoffel;gekochte Erdäpfel;[kochdeeàdebfe];
penibel;akkurat;[àggràdd];
Penis;Zipfel, Zipferl, Schwanz, Schwengel, Riemen;[zibfe, zibfàl, schwanz, schwengl, reàmà];
pennen;schlafen, nafetzen;[schlaffà, nafezzn];
Penner;Sandler, Grattler;[sàndlà, gràddlà];
peppig;fetzert;[fäzzàd];I find des gstreifte Auto fetzert!
Person;Leut, das;[laid];Mei Basl war a christlichs Leut!
Petersilie;Peterl, Petersil;[bädàl, bädàsui];Dua fei an Peterl in d Suppn nei!
Petze;Verklaghaferl, Verpritschhaferl;[fàglåghà:fàl, fàbridschhà:fàl];
petzen;verklagen, verpritschen;[fàglågn, fàbridschn];
Pfaffenhütchen (Pflanze);Pfarrerkapperl;[bfaràkàbbe];
Pfahl;Stempen;[schdembm];
Pfannkuchen;Pfannenkuchen;[bfanàkuàchà];I mog an Pfannakuacha mit Mamalad.
Pferd;Ross, Gaul;[ro:s, gaul];
Pferdeäpfel;Rossbollen;[ro:sboin];
Pferdeknecht;Rosserer;[rossàrà];Mei Großvater war friara a Rosserer.
Pfifferling;Reherl, Eierschwammerl;[rächal, oàrschwàmmàl];
Pflaumen (klein, rund);Kriecherl;[griàchàl];
Pflaumenblechkuchen;Zwetschgendatschi, Datschi;[zwedschgndà:dschi, dà:dschi];
Pflock;Stempen;[schdembm];Fahr ma fei ned sen Stempn um!
pflücken;brocken;[broggà];
pflügen;ackern;[aggàn];
Pfosten;Stempen;[schdembm];
Pfropfen;Stopsel;[schdobbsl, schdebbsl];
Pfütze;Lacke;[laggà];Steig ned in de Lacka nei!
Pickel;Wimmerl;[wimmàl];
picken;pecken;[bäggà];
piesacken;schinden, sekkieren, in der Reißen haben;[schinddn, säggiàn, indàraissnhåm];Dei junger Hund hod mi sauber in da Reissn ghabt.
Pilz;Schwammerl;[schwàmmàl];
Pilze sammeln;in d Schwammerl gehen;[inddschwàmmàlge:];Mit dir geh I gern in d Schwammerl.
Pinsel;Bemsel, Waschel;[bemsl, wàschl];
pissen;siehe urinieren;;
pitschnass;waschelnass, wie eine getaufte Maus;[wàschlnå:s, wià à daufdemaus];
quabbelig;teigig;[doàgàd];Wenn ma so vui isst, na schaugt ma recht doagad aus!
Quacksalber;Murkser;[muàksà];
quadratisch;viereckig;[fiàreggàd];
quäken;kirren;[kiàn/kirrn];Dua ned gar aso kirrn!
quaken;gagetzen;[gagedsn];D Frösch gagezn heid aber wieder laut!
quälen;sekkieren, schinden;[sekkiàn, schindn];Mei Bua sekkiert mi gern.
Quälgeist;lästiges Wimmerl;[läsdigs wimmàl];
Quark;Topfen;[Dobbfà];
Quartal;Vierteljahr;[fiàdljo:r];
quasseln;ratschen, schnattern, bappeln;[rà:dschn, schnådàn, babben];
Quasselstrippe;Ratschkattl;[Rà:dschkà:dl/;
;;Rà:dschkàddl];
Quatsch;Schmarren, Käse, Blödsinn;[schmarrn, kà:s, blädsinn];
quängeln;benzen, treiben, gnaunzen;[benzn/benxn, traim, gnaunzn];Hör amoi auf mit dem Benzn!
Quängler;lästiges Wimmerl;[läsdigs wimmàl];
Quentchen;a Bisserl, Muckenbritscherl;[à bissàl];Mei neie Hosn is um a Mucknbritscherl z kloa.
;;[muggnbridschàl];
quicklebendig;lebfrisch;[le:bfrisch];
quietschen;pfeifen, kieren, quicksen;[bfàiffà, kiàn, gwiggsn];Wenn de Nachbarskinde ned oiwei so kirrn dadn!
Quinte;Quint;[gwindd];
Quirl;Schneebesen;[schnä:bäsn];
Sahne, die;Schlagrahm, der;[schlågrà:m];So a Schlograhm is wos feins!
Sängertreffen;Singerts;[singàds];
Sauerkirsche;Weichsel;[weixl];
Schafbock;Schafhammel;[schå:fhàmme];
scharf;rass;[ràss];Der Senfd is aber rass!  
Schaukel;Hutsche;[huddschn];
schaukeln;hutschen;[huddschn];
Schelm;Schlankel;[schlànggl];Du werst so a Schlankl sei!
Scherz;Gaudi, Spasettl;[gaudi, schbàssäddl];
schief;schäpps;[schäbbs];
schielen;schirgeln;[schiàgln];
schielender;schirgelnder;[schiàglàdà];
schimpfen;granteln, belfern,;[grànddln, bäifen];Nicht nur grantln gibt es bei den bairischen Schimpfwörtern.
Schlafanzug;Nachtgewand;[nåchdgwand];I leg iatz as Nachtgwand o.
schlaff, schlapp;schwelch;[schwä:ich];Vo dera Bergtour bin i ganz schwelch!
schlaftrunkern;traumhappert;[drà:mhàbbàd];
Schlag (laut);Pumperer;[bummbàrà];
Schlawiner;Batzi, Schlawuzi;[bà:zi, schlàwuzi];
schlecht gelaunt;grantig;[grànndig];
schlechte Laune;Grant;[grànndd];Host du heid an Grant!
Schleuder;Zwistel;[zwisdl];
schleudern;schlenzen;[schlenzzn];
schließen;zumachen, sperren;[zuàma:chà, schbàrrn];
Schluckauf;Schnackler;[schnàgglà];
schlüpfen;schliefen;[schliàffà];
Schmalzgebäck;Ausgezogene, Nudeln, Striezeln;[auszo:nge, nu:ln, schdri:zln];
Schmerz;Wehdam;[wä:dam];I hob heid so an Wehdam!
Schmerzen;Wehdam;[wä:dam];
schmollen;eine Bappe ziehen, ein Bepperl machen;[à bàbbm ziàng, à bäbbàl ma:chà];
schmuggeln;schwärzen;[schwäàzn];Des is a gschwärzter Schnaps!
Schmutzfleck;Fleck;[fle:g];
schmutzig;dreckig;[dre:gàd, dre:ggi];
schneefrei;aper;[à:bà];
schneien;schneiben;[schnaim];
schnell;gaach;[gà:ch];
Schnuller;Ditzel, Ditzi;[di:zl, di:zi];
Schnürsenkel;Schuhbänder;[schuàbàndl];Deine Schuahbandl san auf!
Schnupfen;Katarrh;[kàdà:r];
Schnupftabak;Schmalzler. Schmai;[schmåizlà, schmai];
schnurgerade;pfeilgerade;[bfaigrå:d];Der hod pfeigrod an Oansa in Mathe!
schreien;plerren;[bläàn];
schreiend;plerrend;[bläàràd];
Schultasche;Schulranzen, Ranzen;[schuiranzzn, ranzzn];
Schuppen, der;Schupf, die;[schubbf];
Schürze (Frauen);Führtuch;[fiàddà];
Schürze (Männer);Schaber;[schà:wà];
Schürzenjäger;Weiberer, Gigerl,;[waiwàrà];
schwabbelig;teigig;[doàgàd];Mein Schuinachbar is a ganz doagiger!
Schwächling;leere Hose, Krisperl;[là:re hosn, grischbàl];
Schweinebraten;Schweinsbraten;[schwainsbrå:n];
schwerhörig;dorad;[do:ràd];
Schweiß;Schwoaß;[schwoàs];
schwierig;schwer;[schwà:r];So a Arbat, de is schwaar!
Sechs, die;Sechser, der;[se:gsà];
sehen;schauen, spitzen, lurren;[schaung, schbizzn, luàn];
sehr;gescheit, hübsch, unbändig, recht, närrisch, sakrisch;[gschaid, hibsch, unbàndi, rechd, nà:risch, sàggrisch];I bin hibsch miad, weils heid scho unbandig spaat is.
selbst;selm;[säim];
selbstbewusst;geradig;[grådig];
Senf;Senft;[sembfd];Muast du oiwei dein Senft dazua doa?
Sense;Sans;[sàns];
sicher;gewiss;[gwi:s];
Sieben, die;Siebener, der;[si:mà];
Simon;Simmerl;[simmàl];
Single;Einschichtige/r;[oàschichdige/à];In dera Hüttn lebt a Oaschichtiger.
Socke, die;Socken, der;[soggà];
Sohn;Bub;[buà];Unser Bua geht ins Gymnase.
spalten;klieben;[gliàm];
Spaß;Gaudi, Spasettl;[gaudi, schbàssäddl];
Spezialität;Schmankerl;[schmànggàl];
Spiegelei;Ochsnaug;[oxnaug];
spiegelglatt;spiegelheiter, hei;[schbiáglhoádda, hai];Gestern wars wieder recht spiaglhoadda drauß, recht hei!
Spiel;Gespiel, Gspielei;[gschbui, schbi:lai];Host an Glust auf a Gspielei?
Spinner;Teigaff;[doàgaff];
Spitze, die;Spitz, der;[schbi:z];
Spottlied;Gstanzl (das);[gschda:nzl];Mia machan für Sie Gstanzl.
Sprüche;Pflanz;[bflànzz];Her ma doch auf mit deine Pflanz!
Sprüchemacher;Schmarrenkübel, Krampfhenne;[schma:nki:we, grammbfhe:nà];
Stechpalme;Waxlawa, das;[wàxlàwà];Am Grab drauß hob I Waxlawa pflanzt.
Steig (Berg);Gangsteigerl;[gangschdaigàl];
Steigeisen (klein);Grödel;[grödl];
steil;gaach;[gà:ch];
stibitzen;dacheln;[dà:chen];Wer hod denn mein Schoklad dachelt?
stinken;bockeln;[boggln];
stöhnen;gronen;[gro:nà];
stören;im Weg rumgeh, irren;[imwe:grumge:, irrn];Irrd Di des Kastl do, na schiab is weg.
stoßen;boußen;[boussn];
Straßenbahn;Trambahn;[dramba:n];
streuen;straahn;[schdrà:n];Im Winter miass ma straahn.
Strom (el.);Elektrische, das;[äledrische];
Stufe;Staffel;[schdàffe];
süß;siass;[siass];
Süßwaren;Schleckerts, Schleckzeug;[schläggàds, schläggzaig];Host scho wieder so vui Schleckzeig griagt!
übereilt handeln;hudeln;[hu:dln];Dua ned so hudln!
überfahren, jemanden;zamfahren;[zammfa:n];Bass auf, dass Di koana zsammfahrt!
übergeben, sich;speien;[schpaim];Iß ned so vui Kuacha, sunst muast speim!
übermütig;aufgedreht;[aufdrà:rad, aufdrà:d];Du bist heid wieder aufdraarad!
übertrumpfen;tupfen;[dupfà];Beim Kartnspui dua i Di dupfa!
Ulk;Gaudi, die;[Gaudi, Gschbàss];Des war grod a Gspass!
;Spaß, der;;
ulkig;gpassig;[gschbàssig];
umarmen;halsen;[håisn];
umgänglich;handsam;[handsam];
umher;umeinander;[ummànandà];
umpflügen;umackern;[umaggàn];
Umstände machen;Tanz machen;[dànz];mach koane Danz!
Umstandskramer;Krauderer;[graudàrà];Du bist ma so a Graudara
Unannehmlichkeit;Geschiss, Gescherr;[gschi:s, gscheà];
unartiges Kind;Rotzlöffel, Hundsbankert, Hundskrüppel;[rozleffe, hundsbangàd, hundsgribbe];
unbehaglich;zweierlei, ungut, anders;[zwoàràloà, unguàd, andàs];
unbeholfen;dalkert;[dåikàd];
ungehobelter Kerl;Schliffel, Büffel;[schliffe, biffe];
ungemütlich;letz;[lez];Heid san d Fliagn wieder lez!
unlängst;zunächst, neulings;[znàchst, nailings];
Unmut;Grant;[grànnd];
Unrat;Glump, Graffel;[glummp, gràffe];
unruhiger Mensch;Springingerl, Nervöserl;[schbringgingàl, nervesàl];
unrund;oakad;[oàggàd];
uns;ins;[ins];Ins gehts heid guad!
Unsinn;Krampf, Schmarren, Käse;[grambbf, schmarrn, kà:s];   
unterhalten, sich;diskurieren;[dischgriàn];
Unterhose;Pumperer,;[bumbbàrà];
unvermittelt;auf den Schlag;[aufnschlåg];Da Meier is auf n Schlag reich worn.
unverschämt;ausgeschämt;[ausgschà:mt];
unverschämter Mensch;Rüpel, Lackel, Hammel;[riàbbe, làggl, hà:mme];
Unwetter;Wetter;[we:dà];Heid kimmt no a Weda!
Urin;Biesel, Seich, Wiesi;[bi:sl, soàch, wi:si];
urinieren;bieseln,seichen, zinseln;[bi:sln, soàchà, zinsän];I miassad zerst zum Zinsän!
Wacholder;Kranewitt;[Grànàwidd];
Wacholderbeere;Kranewittbeere;[Grànàwiddbeàl];
wackeln;nackeln;[nàggln];Warum nacklst du oiwei am Tisch?
Wade, die;Wadel, der;[wà:dl];D Lene hod se oan Wadl prellt.
wagen;sich trauen;[drau:n];
Wagenbauer;Wagner;[wångà];
Wagenschuppen;Remise;[remi:sn];
wählerisch;gschleckert, heikel, extrig;[gschläggàd, hoàggl,äxtrig];Dei Bruada is fei a recht a Gschleckada!
Waisenkind;Waiserl;[woàsàl];
Walnuss;Welschnuss;[Wäischnuss];
walzen;walgeln;[wåigln];Den Doag muast no woigln.
Wandmalerei;Liftlmalerei;[liffdlmalàrai];
Wange, die;Backen, der;[baggà];Mei Backa duad weh!
Wäschaklammern;Klubberl;[glubbàl];
Waldkauz;Aufvogel;[aufogl];
Wasserbehälter (feststehend);Grand;[brunnàgrannd,o:fàgrannd];Da Kiwe loant am Brunnagrand.
;(Brunnen-, Ofen-);;
Weberknecht (Tier);Schneider;[schnaidà];
wehren, sich;sich spreizen;[schbraizzn];
Weide (Baum);Weidn;[waidn];
Weide (Viehweide);Woad;[woàd];
Weidenkätzchen;Palmkatzerl;[Båimkàzzàl, Båimkàzzl];
Weihnachtsbaum;Christbaum;[Grissbàmm];
Weihnachtsgeschenk;Christkindl;[Grisskindl];I hob a ganz a scheens Christkindl griagt.
Weihwasser;Weihbrunnen;[waichbru:nà];
weinen;blöken, zahnen, röhren, trenzen;[bläggà, za:nà, rä:àn, drennzn];
…weise;…mäßig;[màssig];I kon beispuismassig bis 2345 zähln!
Weiße, die (Bier);Weiße, das;[wUsse];
weitläufig;weitschichtig;[wUdschichdig];Da Wenzl is weidschichtig vawandt zu ins.
welcher;was für ein;[wUs fiàr à];Wos für a Depp hod mei Limonad weggschütt?
welk;schwelch;[schwä:ich];De Bleamen san scho ganz schweich!
Wels;Waller;[wallà];Da Wallerkönig is recht groß!
wenn;bal;[båi];
werfen;schlenzen;[schle:nzn];
Wespe, die;Weps, der;[wäbbs];Letzts Johr hod mi a Weps gstocha.
Weste;Leiberl;[laiwàl];
weswegen;wegen was;[wegà wå:s];
Wetterleuchten;(es tut) himitzen;[himmizzn];Rundummadum duads scho himmitzn.
wichtigtun;sich aufmanndeln, gschafteln;[aufmànndln, gschàffdln];
Wichtigtuer;Gschaftelhuber, Gschaftler;[gschàffdlhuàwà, gschàffdlà];
wickeln (Bandage);fatschen, einfatschen;[fà:dschn, äifàdschn];Geh her, i fatsch da dein Fuaß ei.
widerlich;zuwider;[zwi:dà];
Wiedersehen (auf);Pfüat Gott, Wiederschauen;[bfià go:d];Pfia God beinand, es liabn Leid.
Wildfang;Treibauf, Wildling;[draibauf, wuidling];
Wilderer;Wilderer;[wuidàrà];Friare hods am Tegernsee vui Wuidara gebn.
wimmeln;wureln;[wuàln];In da Stubn wurlds vor lauter Fliagn!
Windpocken;Schafpattern;[schåfbaddàn];
Wintergarten;Salettl;[sàläddl];Im Salettl spuid heid a Musi!
Wipfel;Gipfel;[gibbfe];
Wippe;Hutsche;[huddschn];
wippen;hutschen;[huddschn];Mogst mit mir hutschn?
Wochentag;Werktag;[Weàdà];
wochentags;unter der Woche;[unddà dà wochà];
wohlauf;munter, pumperlgsund;[munddà, bummbàlxund];
wohlgenährt;körndlgefuttert;[keàndlgfuàdàd];Am Meier sei Deandl is körndlgfuadad!
wohlhabend;geldig, eingesäumt;[gäidig, äigsà:md];
wohlschmeckend;gschmackig, gut fein;[gschmàggig, guàd, fäi];
wovon;von was;[fo wås];Vo wos hob i den Katarh?
wozu;zu was;[zu wås];Zu wos muas i Mathematik lerna?
wringen;auswinden;[auswinddn];
Wucherer;Ruch;[ruàch];
Wühlmaus;Schermaus;[scheàmaus];
Wundschorf;Ruferl, Rufernschmarrn, Bletze;[rufàl, rufànschmarrn, bläddzn];
würde;täte;[dà:d];Wenn i kannt, na daad i no studiern.
würzig;gschmackig;[gschmàggig];
wütend;fuchdig, harb, züntig, fuchsig, pelzig;[fuchdde, hà:rb, zinddig, fuxig, bäizig];Dua deine Pratzn weg, sunst wer i fuchdi!
wütend werden;aufgehen;[aufge:];
Zacharias;Zach, Zacherl, Zachä;[zà:ch, zà:chàl, zà:chä];
Zacke, die;Zacken, der;[zackà];Do foid dia scho koa Zacka aus da Krona!
zäh;zaach;[zà:ch];
Zahnarzt;Fotzenspängler;[Fozznschbànglà];
zahnlückig;zahnluckert;[za:nluggàd];Da oid Huaber is scho zahnluckad.
Zahnschmerzen;Zahnweh;[za:nwä:];
zappeln;schlenkeln;[schlànggln];Hör amoi auf zum Schlankln!
zappenduster;stockfinstre Nacht;[schdo:gfinsdrenå:chd];
Zauntor;Gatter;[gà:dà, gå:dàn];Mach an Godan zua!
Zecke, die;Zeck, der;[zägg];
Zehn, die;Zehner, der;[ze:nà];Bei dene Hausnummern is koa Zehner dabei!
Zeisig, der;Zeiserl, das;[zaisàl];
zerdrücken;derdrücken;[dàdruggà];
zerknittern;verbuckeln, verkrüppeln;[fàbuggln, fàgribben];Dua dein Rock ned so vakrippen!
zerkratzen;derkrallen;[dàgråin];
zerkrümeln;derbröseln, derwutzeln;[dàbrä:sln, dàwuzln];
zerquetschen;dermantschen;[dàmànddschn];Host du de Fliagn damantscht!
zerstören;kaputt machen;[kabuddmachà];
zerschmettern;derbatzen;[dàbà:zn];
zerstreiten;zerkriegen;[zàgriàng];De Meierischn ham se scho wieder zagriagt!
zertrümmern (Fenster);zerschmeißen, einhauen;[zàschmaissn, äihaun];Da Jacke hod a Scheibn einghaut!
Zicken machen;ein Gestell/Gescherr machen;[gschdäi, gscheà];Mach koa so a Gstell und geh her!
Zicklein;Geißlein;[goàssàl];
Ziege;Geiß;[goàs];
Ziegenbock;Geißbock;[goàsbogg];
Ziegenkäse;Geißenkäse;[goàskà:s, goàssnkà:s];Beim Kramer hams aa an Goaßnkasa.
Ziegenpeter;Mumps, die;[mumbbs];
ziehen (an den Haaren);schopfen;[schobbfà];Dua ned oiwei dei kloane Schwester schopfa!
Ziehharmonika;Quetsche, Ziech, Zugharmonie;[quädschn, ziàch, zugharmoni:];
ziemlich;ganz schön, hübsch;[ganzsche:, hibsch];Heid bin i hibsch miad.
Zither;Krallgattern;[graigådàn];
zittrig;datterig;[dådrig];
zittrige Kurve;Kuhschwanzl;[kuà:schwànzl];
Zollstock;Meterstab;[mäddàschdab];
zornig;fuchtig, harb, zündig, fuchsig, pelzig;[[fuchdde, hà:rb, zinddig, fuxig, bäizig];
zorniger Mensch;Gifthaferl, Zornbinkel;[gifdhàfàl, zornbinggl];Mei, bist du a Gifthaferl!
Zoten reißen;Sauglocken läuten;[saugloggnlaiddn];
zu Bett bringen;ins Bett bringen;[insbeddbringà];Geh weida, i bring di ins Bett!
zu Ostern/Weihnachten;auf Ostern/Weihnachten;[auf…];
Zuchteber;Saubär;[saubä:r];
Zuchtsau;Zuchtl;[zuchdl];
Zugabe;Dreingabe, Draufgabe;[dräigab, draufgab];
zuhause;daheim;[dàhoàm];
Zuhause;Daheim;[dàhoàm];Da Finsterwalder hod a neis Dahoam in Amerkia.
Zunge;Bletschel;[blä:dschl];
zur Hand gehen;an die Hand gehen;[andhandge:];
zur Hand haben;bei der Hand haben;[baidàhand…];
zur Schule/Kirche;in die Schule/Kirche;[inddschui/kiàchà];Unsere Kinder gengan in d Schui nei, – und ned bloß zur Schui hi – drum lernas wos.
zur Seite gehen;auf die Seite gehen;[aufdsaiddnge:];
zur Türe herein;bei der Tür herein;[baidàdiàräinà];
zur Welt kommen;auf die Welt kommen;[aufdwäidkemà];Wo bist denn du auf d Welt kema?
zurechtmachen;herrichten;[heàrichddn];
zurückhalten, sich;sich halten;[håiddn];Du di fei haltn, du Zornbinkl!
zusammen;miteinander;[mi:dànandà];
zuschließen;zusperren, sperren;[zuàschbàrrn, schbàrrn];
zusehen;zuschauen;[zuàschaung];
zustoßen (etwas);passieren;[bassiàn];Des bassiert mia oiwei wieder.
zuwider sein;anzipfen, ankäsen;[o:zibbfen, o:kà:sn];De Fernsehwerbung kaast mi o!
Zwei, die;Zweier, der;[zwoàrà];
zweifach;zwiefach;[zwi:fach];
Zweige (Nadelbaum);Daxen;[dàxn];
Zwiebel, die;Zwiebel, der;[zwi:fe];
Zwischenmahlzeit;Brotzeit;[bro:zaid];